{
  "traditional": {
    "duration": 10.00225281715393,
    "fps": {
      "avg": 56.5430588339598,
      "min": 54.71618525353055,
      "max": 56.86653467004492,
      "samples": 9
    },
    "memory": {
      "avg": 217.18653350515464,
      "min": 187.8125,
      "max": 221.203125,
      "peak": 221.203125
    },
    "cpu": {
      "avg": 27.72783505154638,
      "min": 0.0,
      "max": 51.3
    }
  },
  "layered": null,
  "test_info": {
    "timestamp": "2025-11-01T00:25:13.144162",
    "system_info": {
      "cpu_count": 14,
      "memory_total": 48.0,
      "python_version": "3.10.0 (default, Mar  3 2022, 03:54:28) [Clang 12.0.0 ]"
    }
  }
}