{
  "traditional": {
    "duration": 30.007142066955566,
    "fps": {
      "avg": 58.188161290972836,
      "min": 56.63166432315453,
      "max": 59.170307329894754,
      "samples": 29
    },
    "memory": {
      "avg": 215.24799956747404,
      "min": 186.828125,
      "max": 225.671875,
      "peak": 225.671875
    },
    "cpu": {
      "avg": 27.330103806228387,
      "min": 0.0,
      "max": 50.0
    }
  },
  "layered": {
    "duration": 30.013426303863525,
    "fps": {
      "avg": 56.767290797316306,
      "min": 56.57062581235496,
      "max": 57.31719047091726,
      "samples": 29
    },
    "memory": {
      "avg": 296.27143640350874,
      "min": 285.171875,
      "max": 300.953125,
      "peak": 300.953125
    },
    "cpu": {
      "avg": 43.26666666666665,
      "min": 0.0,
      "max": 49.0
    }
  },
  "test_info": {
    "timestamp": "2025-11-01T09:11:05.460368",
    "system_info": {
      "cpu_count": 14,
      "memory_total": 48.0,
      "python_version": "3.10.0 (default, Mar  3 2022, 03:54:28) [Clang 12.0.0 ]"
    }
  }
}