{
  "traditional": {
    "duration": 10.009336233139038,
    "fps": {
      "avg": 58.71070010612155,
      "min": 56.51408683927423,
      "max": 59.15567529169622,
      "samples": 9
    },
    "memory": {
      "avg": 210.09165592783506,
      "min": 187.40625,
      "max": 216.1875,
      "peak": 216.1875
    },
    "cpu": {
      "avg": 27.85876288659795,
      "min": 0.0,
      "max": 55.4
    }
  },
  "layered": {
    "duration": 10.009423971176147,
    "fps": {
      "avg": 56.8019794023147,
      "min": 56.595065613020246,
      "max": 57.32568612660685,
      "samples": 9
    },
    "memory": {
      "avg": 291.22598684210527,
      "min": 278.046875,
      "max": 296.609375,
      "peak": 296.609375
    },
    "cpu": {
      "avg": 42.58210526315791,
      "min": 0.0,
      "max": 52.7
    }
  },
  "test_info": {
    "timestamp": "2025-11-01T00:26:50.628366",
    "system_info": {
      "cpu_count": 14,
      "memory_total": 48.0,
      "python_version": "3.10.0 (default, Mar  3 2022, 03:54:28) [Clang 12.0.0 ]"
    }
  }
}