{
  "traditional": {
    "duration": 30.007243156433105,
    "fps": {
      "avg": 58.24875948292763,
      "min": 56.23236453622564,
      "max": 59.37712334394214,
      "samples": 29
    },
    "memory": {
      "avg": 219.06617647058823,
      "min": 188.578125,
      "max": 223.578125,
      "peak": 223.578125
    },
    "cpu": {
      "avg": 27.657439446366784,
      "min": 0.0,
      "max": 55.1
    }
  },
  "layered": {
    "duration": 30.004487991333008,
    "fps": {
      "avg": 58.13269418404091,
      "min": 56.61440474975437,
      "max": 59.19332709704871,
      "samples": 29
    },
    "memory": {
      "avg": 257.64953015734267,
      "min": 223.390625,
      "max": 306.96875,
      "peak": 306.96875
    },
    "cpu": {
      "avg": 43.2667832167832,
      "min": 0.0,
      "max": 52.5
    }
  },
  "test_info": {
    "timestamp": "2025-11-01T00:28:08.596020",
    "system_info": {
      "cpu_count": 14,
      "memory_total": 48.0,
      "python_version": "3.10.0 (default, Mar  3 2022, 03:54:28) [Clang 12.0.0 ]"
    }
  }
}