{
  "traditional": {
    "duration": 30.016107082366943,
    "fps": {
      "avg": 57.484049644849684,
      "min": 56.63566221288963,
      "max": 59.16215589099662,
      "samples": 29
    },
    "memory": {
      "avg": 218.07477292387543,
      "min": 188.90625,
      "max": 223.453125,
      "peak": 223.453125
    },
    "cpu": {
      "avg": 26.979238754325237,
      "min": 0.0,
      "max": 48.6
    }
  },
  "layered": {
    "duration": 30.004716873168945,
    "fps": {
      "avg": 55.23372009908953,
      "min": 6.45033418121757,
      "max": 58.84148741571661,
      "samples": 29
    },
    "memory": {
      "avg": 284.85252192982455,
      "min": 280.15625,
      "max": 289.34375,
      "peak": 289.34375
    },
    "cpu": {
      "avg": 40.682807017543816,
      "min": 0.0,
      "max": 51.2
    }
  },
  "test_info": {
    "timestamp": "2025-11-01T09:13:01.127314",
    "system_info": {
      "cpu_count": 14,
      "memory_total": 48.0,
      "python_version": "3.10.0 (default, Mar  3 2022, 03:54:28) [Clang 12.0.0 ]"
    }
  }
}